
--INSERT PROFESOR
INSERT INTO PROFESOR (id, nombre) VALUES (2, 'Príapo');
INSERT INTO PROFESOR (id, nombre) VALUES (3, 'Iris');
INSERT INTO PROFESOR (id, nombre) VALUES (4, 'Némesis');

--INSERT ESTUDIANTE
INSERT INTO ESTUDIANTE (id, nombre) VALUES (1, 'Afrodita');
INSERT INTO ESTUDIANTE (id, nombre) VALUES (2, 'Apolo');
INSERT INTO ESTUDIANTE (id, nombre) VALUES (3, 'Ares');
INSERT INTO ESTUDIANTE (id, nombre) VALUES (4, 'Artemisa');
INSERT INTO ESTUDIANTE (id, nombre) VALUES (5, 'Atenea');
INSERT INTO ESTUDIANTE (id, nombre) VALUES (6, 'Dionisio');
INSERT INTO ESTUDIANTE (id, nombre) VALUES (7, 'Hefesto');
INSERT INTO ESTUDIANTE (id, nombre) VALUES (8, 'Hera');
INSERT INTO ESTUDIANTE (id, nombre) VALUES (9, 'Hermes');
INSERT INTO ESTUDIANTE (id, nombre) VALUES (10, 'Hades');
INSERT INTO ESTUDIANTE (id, nombre) VALUES (11, 'Poseidón');
INSERT INTO ESTUDIANTE (id, nombre) VALUES (12, 'Zeus');

--INSERT COLEGIO
INSERT INTO COLEGIO (id, nombre) VALUES (1, 'El colegio del Olimpo');


--INSERT CURSO
INSERT INTO CURSO(id, grado, salon, colegio) VALUES (1,10, '10A',1);
INSERT INTO CURSO(id, grado, salon, colegio) VALUES (2,10, '10B',1);
INSERT INTO CURSO(id, grado, salon, colegio) VALUES (3,11, '11A',1);
INSERT INTO CURSO(id, grado, salon, colegio) VALUES (4,11, '11B',1);

--INSERT ASIGNATURA
INSERT INTO ASIGNATURA (id, nombre, curso, profesor) VALUES (1, 'Matemáticas', 1, 4); -- '10A'
INSERT INTO ASIGNATURA (id, nombre, curso, profesor) VALUES (2, 'Matemáticas', 2, 4); --'10B'
INSERT INTO ASIGNATURA (id, nombre, curso, profesor) VALUES (3, 'Matemáticas', 3, 4); --'11A'
INSERT INTO ASIGNATURA (id, nombre, curso, profesor) VALUES (4, 'Matemáticas', 4, 4); --'11B'
INSERT INTO ASIGNATURA (id, nombre, curso, profesor) VALUES (5, 'Español ', 1, 2); -- '10A'
INSERT INTO ASIGNATURA (id, nombre, curso, profesor) VALUES (6, 'Español ', 2, 2); --'10B'
INSERT INTO ASIGNATURA (id, nombre, curso, profesor) VALUES (7, 'Ingles básico', 1, 3);-- '10A'
INSERT INTO ASIGNATURA (id, nombre, curso, profesor) VALUES (8, 'Ingles avanzado', 2, 3);-- '10B'
INSERT INTO ASIGNATURA (id, nombre, curso, profesor) VALUES (9, 'Pre Icfes', 3, 4); --'11A'
INSERT INTO ASIGNATURA (id, nombre, curso, profesor) VALUES (10, 'Pre Icfes', 4, 4); --'11B'

--INSERT REL_ESTUDIANTE_ASIGNATURA
INSERT INTO REL_ESTUDIANTE_ASIGNATURA (ESTUDIANTE, ASIGNATURA) VALUES (1,1);
INSERT INTO REL_ESTUDIANTE_ASIGNATURA (ESTUDIANTE, ASIGNATURA) VALUES (1,5);
INSERT INTO REL_ESTUDIANTE_ASIGNATURA (ESTUDIANTE, ASIGNATURA) VALUES (1,7);

INSERT INTO REL_ESTUDIANTE_ASIGNATURA (ESTUDIANTE, ASIGNATURA) VALUES (2,1);
INSERT INTO REL_ESTUDIANTE_ASIGNATURA (ESTUDIANTE, ASIGNATURA) VALUES (2,5);
INSERT INTO REL_ESTUDIANTE_ASIGNATURA (ESTUDIANTE, ASIGNATURA) VALUES (2,7);

INSERT INTO REL_ESTUDIANTE_ASIGNATURA (ESTUDIANTE, ASIGNATURA) VALUES (3,1);
INSERT INTO REL_ESTUDIANTE_ASIGNATURA (ESTUDIANTE, ASIGNATURA) VALUES (3,5);
INSERT INTO REL_ESTUDIANTE_ASIGNATURA (ESTUDIANTE, ASIGNATURA) VALUES (3,7);

INSERT INTO REL_ESTUDIANTE_ASIGNATURA (ESTUDIANTE, ASIGNATURA) VALUES (4,2);
INSERT INTO REL_ESTUDIANTE_ASIGNATURA (ESTUDIANTE, ASIGNATURA) VALUES (4,6);
INSERT INTO REL_ESTUDIANTE_ASIGNATURA (ESTUDIANTE, ASIGNATURA) VALUES (4,8);

INSERT INTO REL_ESTUDIANTE_ASIGNATURA (ESTUDIANTE, ASIGNATURA) VALUES (5,2);
INSERT INTO REL_ESTUDIANTE_ASIGNATURA (ESTUDIANTE, ASIGNATURA) VALUES (5,6);
INSERT INTO REL_ESTUDIANTE_ASIGNATURA (ESTUDIANTE, ASIGNATURA) VALUES (5,8);

INSERT INTO REL_ESTUDIANTE_ASIGNATURA (ESTUDIANTE, ASIGNATURA) VALUES (6,2);
INSERT INTO REL_ESTUDIANTE_ASIGNATURA (ESTUDIANTE, ASIGNATURA) VALUES (6,6);
INSERT INTO REL_ESTUDIANTE_ASIGNATURA (ESTUDIANTE, ASIGNATURA) VALUES (6,8);

INSERT INTO REL_ESTUDIANTE_ASIGNATURA (ESTUDIANTE, ASIGNATURA) VALUES (7,3);
INSERT INTO REL_ESTUDIANTE_ASIGNATURA (ESTUDIANTE, ASIGNATURA) VALUES (7,9);

INSERT INTO REL_ESTUDIANTE_ASIGNATURA (ESTUDIANTE, ASIGNATURA) VALUES (8,3);
INSERT INTO REL_ESTUDIANTE_ASIGNATURA (ESTUDIANTE, ASIGNATURA) VALUES (8,9);

INSERT INTO REL_ESTUDIANTE_ASIGNATURA (ESTUDIANTE, ASIGNATURA) VALUES (9,4);
INSERT INTO REL_ESTUDIANTE_ASIGNATURA (ESTUDIANTE, ASIGNATURA) VALUES (9,10);

INSERT INTO REL_ESTUDIANTE_ASIGNATURA (ESTUDIANTE, ASIGNATURA) VALUES (10,4);
INSERT INTO REL_ESTUDIANTE_ASIGNATURA (ESTUDIANTE, ASIGNATURA) VALUES (10,10);

INSERT INTO REL_ESTUDIANTE_ASIGNATURA (ESTUDIANTE, ASIGNATURA) VALUES (11,4);
INSERT INTO REL_ESTUDIANTE_ASIGNATURA (ESTUDIANTE, ASIGNATURA) VALUES (11,10);

INSERT INTO REL_ESTUDIANTE_ASIGNATURA (ESTUDIANTE, ASIGNATURA) VALUES (12,4);
INSERT INTO REL_ESTUDIANTE_ASIGNATURA (ESTUDIANTE, ASIGNATURA) VALUES (12,10);


